date,rate
2024-03-27,15828.0
2024-03-28,15877.0
2024-03-29,15877.0
2024-04-01,15848.0
2024-04-02,15945.799805
2024-04-03,15955.0
2024-04-04,15936.0
2024-04-05,15904.5
2024-04-08,15881.0
2024-04-09,15918.0
2024-04-10,15892.299805
2024-04-11,15998.200195
2024-04-12,16007.0
2024-04-15,16111.0
2024-04-16,16075.0
2024-04-17,16312.200195
2024-04-18,16246.0
2024-04-19,16220.0
2024-04-22,16210.299805
2024-04-23,16246.0
2024-04-24,16140.200195
2024-04-25,16220.0
2024-04-26,16202.0
2024-04-29,16203.0
2024-04-30,16246.0
2024-05-01,16273.0
2024-05-02,16190.400391
2024-05-03,16097.0
2024-05-06,16077.0
2024-05-07,16034.0
2024-05-08,16073.0
2024-05-09,16074.0
2024-05-10,16030.0
2024-05-13,16038.0
2024-05-14,16121.0
2024-05-15,16102.0
2024-05-16,15914.0
2024-05-17,15930.799805
2024-05-20,15958.0
2024-05-21,16031.0
2024-05-22,16005.0
2024-05-23,16040.700195
2024-05-24,16095.0
2024-05-27,16038.0
2024-05-28,16071.0
2024-05-29,16117.0
2024-05-30,16232.099609
2024-05-31,16228.0
2024-06-03,16243.0
2024-06-04,16203.0
2024-06-05,16276.0
2024-06-06,16315.0
2024-06-07,16241.700195
2024-06-10,16270.0
2024-06-11,16312.0
2024-06-12,16305.400391
2024-06-13,16230.0
2024-06-14,16286.0
2024-06-17,16479.900391
2024-06-18,16479.0
2024-06-19,16379.0
2024-06-20,16380.900391
2024-06-21,16491.900391
2024-06-24,16443.0
2024-06-25,16394.099609
2024-06-26,16401.0
2024-06-27,16434.0
2024-06-28,16374.400391
2024-07-01,16343.0
2024-07-02,16390.0
2024-07-03,16391.0
2024-07-04,16340.0
2024-07-05,16328.5
2024-07-08,16245.0
2024-07-09,16277.200195
2024-07-10,16277.0
2024-07-11,16198.0
2024-07-12,16104.0
2024-07-15,16108.0
2024-07-16,16195.0
2024-07-17,16173.0
2024-07-18,16138.0
2024-07-19,16185.0
2024-07-22,16206.0
2024-07-23,16220.200195
2024-07-24,16222.0
2024-07-25,16246.0
2024-07-26,16337.799805
2024-07-29,16283.0
2024-07-30,16301.700195
2024-07-31,16328.5
2024-08-01,16255.0
2024-08-02,16281.0
2024-08-05,16012.0
2024-08-06,16208.0
2024-08-07,16152.299805
2024-08-08,16023.0
2024-08-09,15979.0
2024-08-12,15918.0
2024-08-13,15949.099609
2024-08-14,15749.0
2024-08-15,15619.5
2024-08-16,15755.0
2024-08-19,15683.0
2024-08-20,15523.0
2024-08-21,15442.0
2024-08-22,15484.0
2024-08-23,15728.5
2024-08-26,15377.200195
2024-08-27,15462.599609
2024-08-28,15467.099609
2024-08-29,15440.0
2024-08-30,15444.799805
2024-09-02,15525.0
2024-09-03,15520.099609
2024-09-04,15532.900391
2024-09-05,15444.400391
2024-09-06,15417.0
2024-09-09,15405.0
2024-09-10,15456.799805
2024-09-11,15489.0
2024-09-12,15437.0
2024-09-13,15418.700195
2024-09-16,15393.0
2024-09-17,15385.0
2024-09-18,15345.0
2024-09-19,15300.200195
2024-09-20,15197.599609
2024-09-23,15154.0
2024-09-24,15174.099609
2024-09-25,15121.099609
2024-09-26,15201.5
2024-09-27,15070.0
2024-09-30,15118.0
2024-10-01,15170.599609
2024-10-02,15260.599609
2024-10-03,15324.0
2024-10-04,15457.0
2024-10-07,15650.0
2024-10-08,15744.0
2024-10-09,15682.400391
2024-10-10,15664.599609
2024-10-11,15670.900391
2024-10-14,15562.0
2024-10-15,15573.0
2024-10-16,15578.599609
2024-10-17,15583.900391
2024-10-18,15493.0
2024-10-21,15467.0
2024-10-22,15556.0
2024-10-23,15586.0
2024-10-24,15663.0
2024-10-25,15621.5
2024-10-28,15688.099609
2024-10-29,15747.0
2024-10-30,15768.0
2024-10-31,15695.5
2024-11-01,15713.0
2024-11-04,15842.0
2024-11-05,15790.0
2024-11-06,15665.0
2024-11-07,15818.200195
2024-11-08,15558.0
2024-11-11,15647.200195
2024-11-12,15765.0
2024-11-13,15788.900391
2024-11-14,15847.200195
2024-11-15,15933.299805
2024-11-18,15891.299805
2024-11-19,15806.099609
2024-11-20,15817.099609
2024-11-21,15913.0
2024-11-22,15816.900391
2024-11-25,15940.0
2024-11-26,15901.200195
2024-11-27,15930.0
2024-11-28,15863.5
2024-11-29,15878.0
2024-12-02,15829.0
2024-12-03,15910.0
2024-12-04,15940.0
2024-12-05,15906.599609
2024-12-06,15839.799805
2024-12-09,15825.799805
2024-12-10,15864.0
2024-12-11,15908.0
2024-12-12,15963.0
2024-12-13,15967.400391
2024-12-16,16025.799805
2024-12-17,15955.0
2024-12-18,15926.200195
2024-12-19,16145.299805
2024-12-20,15981.299805
2024-12-23,16159.299805
2024-12-24,16217.599609
2024-12-25,15970.799805
2024-12-26,15069.400391
2024-12-27,16189.0
2024-12-30,16178.0
2024-12-31,16085.599609
2025-01-02,16230.5
2025-01-03,16201.099609
2025-01-06,16178.799805
2025-01-07,16179.099609
2025-01-08,16157.700195
2025-01-09,16187.599609
2025-01-10,16237.0
2025-01-13,16268.0
2025-01-14,16295.200195
2025-01-15,16320.0
2025-01-16,16360.799805
2025-01-17,16368.799805
2025-01-20,16367.099609
2025-01-21,16245.0
2025-01-22,16330.799805
2025-01-23,16232.799805
2025-01-24,16230.900391
2025-01-27,16164.900391
2025-01-28,16155.599609
2025-01-29,15881.200195
2025-01-30,16238.0
2025-01-31,16274.5
2025-02-03,16341.299805
2025-02-04,16320.0
2025-02-05,16299.099609
2025-02-06,16298.099609
2025-02-07,16327.0
2025-02-10,16314.700195
2025-02-11,16330.099609
2025-02-12,16343.299805
2025-02-13,16375.0
2025-02-14,16219.0
2025-02-17,16173.0
2025-02-18,16220.0
2025-02-19,16317.0
2025-02-20,16346.400391
2025-02-21,16245.099609
2025-02-24,16278.0
2025-02-25,16279.299805
2025-02-26,16314.0
2025-02-27,16367.400391
2025-02-28,16553.699219
2025-03-03,16522.0
2025-03-04,16451.199219
2025-03-05,16379.0
2025-03-06,16268.900391
2025-03-07,16322.099609
2025-03-10,16292.599609
2025-03-11,16324.0
2025-03-12,16433.900391
2025-03-13,16305.599609
2025-03-14,16259.299805
2025-03-17,16321.0
2025-03-18,16370.0
2025-03-19,16514.5
2025-03-20,16330.299805
2025-03-21,16428.5
2025-03-24,16519.0
2025-03-25,16575.800781
2025-03-26,16621.0
2025-03-27,16629.0
2025-03-28,16560.900391
2025-03-31,16575.0
2025-04-01,16652.0
2025-04-02,16731.400391
2025-04-03,16739.0
2025-04-04,16739.800781
2025-04-07,16738.0
2025-04-08,16855.699219
2025-04-09,17051.900391
2025-04-10,16805.5
2025-04-11,16833.800781
2025-04-14,16788.0
2025-04-15,16780.0
2025-04-16,16813.5
2025-04-17,16794.599609
2025-04-22,16814.900391
2025-04-23,16858.099609
2025-04-24,16846.0
2025-04-25,16778.5
2025-04-28,16823.0
2025-04-29,16795.0
2025-04-30,16711.900391
2025-05-01,16545.900391
2025-05-02,16606.0
2025-05-05,16460.0
2025-05-06,16421.5
2025-05-07,16432.0
2025-05-08,16492.599609
2025-05-09,16538.300781
2025-05-12,16543.0
2025-05-13,16688.800781
2025-05-14,16599.400391
2025-05-15,16558.199219
2025-05-16,16511.800781
2025-05-19,16487.0
2025-05-20,16428.0
2025-05-21,16403.0
2025-05-22,16347.599609
2025-05-23,16356.900391
2025-05-26,16211.0
2025-05-27,16243.5
2025-05-28,16279.0
2025-05-29,16286.0
2025-05-30,16293.0
2025-06-02,16322.0
2025-06-03,16288.5
2025-06-04,16332.400391
2025-06-05,16291.5
2025-06-06,16246.400391
2025-06-09,16309.0
2025-06-10,16278.799805
2025-06-11,16247.799805
2025-06-12,15778.0
2025-06-13,16164.5
2025-06-16,16282.599609
2025-06-17,15801.0
2025-06-18,16275.0
2025-06-19,15598.5
2025-06-20,16390.0
2025-06-23,16431.0
2025-06-24,16370.0
2025-06-25,16290.0
2025-06-26,16290.0
2025-06-27,16222.799805
2025-06-30,16229.0
2025-07-01,16230.0
2025-07-02,16236.400391
2025-07-03,16235.0
2025-07-04,16203.700195
2025-07-07,16178.0
2025-07-08,16318.900391
2025-07-09,16261.0
2025-07-10,16235.0
2025-07-11,16209.099609
2025-07-14,16222.0
2025-07-15,16256.200195
2025-07-16,16252.099609
2025-07-17,16271.200195
2025-07-18,16329.700195
2025-07-21,16321.0
2025-07-22,16329.5
2025-07-23,16245.299805
2025-07-24,16266.099609
2025-07-25,16307.0
2025-07-28,16353.0
2025-07-29,16398.800781
2025-07-30,16367.900391
2025-07-31,16426.800781
2025-08-01,16483.0
2025-08-04,16483.0
2025-08-05,16362.0
2025-08-06,16377.5
2025-08-07,16334.700195
2025-08-08,16300.0
2025-08-11,16249.0
2025-08-12,16298.0
2025-08-13,16248.200195
2025-08-14,16109.0
2025-08-15,16169.0
2025-08-18,16196.0
2025-08-19,16205.400391
2025-08-20,16275.200195
2025-08-21,16263.599609
2025-08-22,16339.700195
2025-08-25,16227.0
2025-08-26,16267.0
2025-08-27,16299.200195
2025-08-28,16314.0
2025-08-29,16344.299805
2025-09-01,16409.0
2025-09-02,16405.199219
2025-09-03,16443.900391
2025-09-04,16463.0
2025-09-05,16452.099609
2025-09-08,16392.0
2025-09-09,16446.099609
2025-09-10,16449.900391
2025-09-11,16439.0
2025-09-12,16413.599609
2025-09-15,16401.0
2025-09-16,16364.599609
2025-09-17,16398.099609
2025-09-18,16418.599609
2025-09-19,16569.099609
2025-09-22,16637.0
2025-09-23,16582.0
2025-09-24,16633.0
2025-09-25,16695.099609
2025-09-26,16759.099609
2025-09-29,16723.0
2025-09-30,16628.0
2025-10-01,16683.0
2025-10-02,16644.099609
2025-10-03,16601.5
2025-10-06,16558.0
2025-10-07,16596.5
2025-10-08,16587.0
2025-10-09,16556.0
2025-10-10,16577.699219
2025-10-13,16598.0
2025-10-14,16548.0
2025-10-15,16585.900391
2025-10-16,16575.0
2025-10-17,16561.900391
2025-10-20,16566.0
2025-10-21,16542.0
2025-10-22,16598.900391
2025-10-23,16596.599609
2025-10-24,16593.800781
2025-10-27,16597.800781
2025-10-28,16158.200195
2025-10-29,16561.779297
2025-10-30,16562.0
2025-10-31,16150.0
2025-11-03,16630.0
2025-11-04,16640.900391
2025-11-05,16707.0
2025-11-06,16669.0
2025-11-07,16694.099609
2025-11-10,16653.0
2025-11-11,16690.0
2025-11-12,16694.900391
2025-11-13,16729.0
2025-11-14,16719.0
2025-11-17,16679.5
2025-11-18,16738.900391
2025-11-19,16727.699219
2025-11-20,16686.699219
2025-11-21,16731.0
2025-11-24,16639.0
2025-11-25,16645.0
2025-11-26,16633.5
2025-11-27,16614.699219
2025-11-28,16603.900391
2025-12-01,16635.0
2025-12-02,16609.0
2025-12-03,16609.900391
2025-12-04,16594.0
2025-12-05,16654.400391
2025-12-08,16683.0
2025-12-09,16686.0
2025-12-10,16662.0
2025-12-11,16639.0
2025-12-12,16649.0
2025-12-15,16623.099609
2025-12-16,16645.800781
2025-12-17,16644.599609
2025-12-18,16657.0
2025-12-19,16685.199219
2025-12-22,16678.5
2025-12-23,16756.400391
2025-12-24,16735.0
2025-12-26,16753.099609
2025-12-29,16741.099609
2025-12-30,16770.0
2025-12-31,16709.0
2026-01-02,16668.0
2026-01-05,16683.0
2026-01-06,16727.199219
2026-01-07,16742.0
2026-01-08,16753.0
2026-01-09,16805.699219
2026-01-12,16826.699219
2026-01-13,16859.400391
2026-01-14,16840.800781
2026-01-15,16845.099609
2026-01-16,16878.900391
2026-01-19,16876.599609
2026-01-20,16939.0
2026-01-21,16960.099609
2026-01-22,16897.0
2026-01-23,16820.0
2026-01-26,16770.0
2026-01-27,16734.0
2026-01-28,16674.699219
2026-01-29,16722.800781
2026-01-30,16778.300781
2026-02-02,16758.400391
2026-02-03,16758.400391
2026-02-04,16759.0
2026-02-05,16800.0
2026-02-06,16879.900391
2026-02-09,16843.5
2026-02-10,16796.0
2026-02-11,16778.0
2026-02-12,16793.900391
2026-02-13,16809.0
2026-02-16,16826.099609
2026-02-17,16806.599609
2026-02-18,16840.0
2026-02-19,16915.300781
2026-02-20,16887.199219
2026-02-23,16843.400391
2026-02-24,16804.300781
2026-02-25,16816.800781
2026-02-26,16749.800781
2026-02-27,16749.0
2026-03-02,16795.0
2026-03-03,16863.0
2026-03-04,16898.099609
2026-03-05,16865.0
2026-03-06,16913.099609
2026-03-09,16923.699219
2026-03-10,16886.0
2026-03-11,16852.0
2026-03-12,16884.0
2026-03-13,16908.0
2026-03-16,16952.099609
2026-03-17,16953.099609
2026-03-18,16971.300781
2026-03-19,17041.699219
2026-03-20,16915.900391
2026-03-23,16959.300781
2026-03-24,16865.099609
2026-03-25,16797.300781
2026-03-26,16749.599609
2026-03-27,16925.0
2026-03-30,16958.0
2026-03-31,16975.400391
2026-04-01,16936.400391
2026-04-02,16924.099609
2026-04-03,16959.0
2026-04-06,16988.0
2026-04-07,17015.300781
2026-04-08,17027.400391
2026-04-09,17005.5
2026-04-10,17059.0
2026-04-13,17083.0
2026-04-14,17079.199219
2026-04-15,17129.0
2026-04-16,17146.099609
2026-04-17,17123.0
2026-04-20,17133.0
2026-04-21,17123.800781
2026-04-22,17133.099609
2026-04-23,17199.5
2026-04-24,17329.0
